Keepalive run at Thu Aug 28 07:21:25 UTC 2025
Keepalive run at Fri Aug 29 03:39:00 UTC 2025
Keepalive run at Sat Aug 30 03:35:04 UTC 2025
Keepalive run at Sun Aug 31 03:43:38 UTC 2025
Keepalive run at Mon Sep  1 04:02:10 UTC 2025
Keepalive run at Tue Sep  2 03:45:16 UTC 2025
Keepalive run at Wed Sep  3 03:18:55 UTC 2025
Keepalive run at Thu Sep  4 03:33:18 UTC 2025
Keepalive run at Thu Sep  4 03:33:42 UTC 2025
Keepalive run at Thu Sep  4 21:41:53 UTC 2025
Keepalive run at Fri Sep  5 03:36:13 UTC 2025
Keepalive run at Fri Sep  5 05:18:57 UTC 2025
Keepalive run at Fri Sep  5 10:10:21 UTC 2025
Keepalive run at Sat Sep  6 00:20:50 UTC 2025
Keepalive run at Sat Sep  6 03:18:06 UTC 2025
Keepalive run at Sat Sep  6 04:10:06 UTC 2025
Keepalive run at Sat Sep  6 10:04:26 UTC 2025
Keepalive run at Sun Sep  7 01:46:25 UTC 2025
Keepalive run at Sun Sep  7 03:37:44 UTC 2025
Keepalive run at Mon Sep  8 03:45:24 UTC 2025
Keepalive run at Mon Sep  8 07:02:58 UTC 2025
Keepalive run at Tue Sep  9 03:38:14 UTC 2025
Keepalive run at Wed Sep 10 03:18:51 UTC 2025
Keepalive run at Thu Sep 11 03:37:53 UTC 2025
Keepalive run at Fri Sep 12 03:19:02 UTC 2025
Keepalive run at Sat Sep 13 03:03:04 UTC 2025
Keepalive run at Sun Sep 14 03:36:58 UTC 2025
Keepalive run at Mon Sep 15 03:46:22 UTC 2025
Keepalive run at Tue Sep 16 03:34:38 UTC 2025
Keepalive run at Wed Sep 17 03:20:12 UTC 2025
Keepalive run at Thu Sep 18 03:36:33 UTC 2025
Keepalive run at Fri Sep 19 03:37:37 UTC 2025
Keepalive run at Sat Sep 20 03:18:59 UTC 2025
Keepalive run at Sun Sep 21 03:44:49 UTC 2025
Keepalive run at Mon Sep 22 03:45:36 UTC 2025
Keepalive run at Tue Sep 23 03:35:59 UTC 2025
Keepalive run at Wed Sep 24 03:37:12 UTC 2025
Keepalive run at Thu Sep 25 03:38:30 UTC 2025
Keepalive run at Fri Sep 26 03:36:27 UTC 2025
Keepalive run at Sat Sep 27 03:18:55 UTC 2025
Keepalive run at Sun Sep 28 03:05:51 UTC 2025
Keepalive run at Mon Sep 29 03:02:14 UTC 2025
Keepalive run at Tue Sep 30 02:55:59 UTC 2025
Keepalive run at Tue Sep 30 23:20:51 UTC 2025
Keepalive run at Wed Oct  1 03:09:20 UTC 2025
Keepalive run at Wed Oct  1 04:00:08 UTC 2025
Keepalive run at Thu Oct  2 02:55:22 UTC 2025
Keepalive run at Fri Oct  3 02:54:36 UTC 2025
Keepalive run at Sat Oct  4 02:48:40 UTC 2025
Keepalive run at Sun Oct  5 03:05:00 UTC 2025
Keepalive run at Mon Oct  6 02:59:26 UTC 2025
Keepalive run at Tue Oct  7 02:55:50 UTC 2025
Keepalive run at Wed Oct  8 02:55:44 UTC 2025
Keepalive run at Thu Oct  9 02:58:09 UTC 2025
Keepalive run at Fri Oct 10 02:58:38 UTC 2025
Keepalive run at Sat Oct 11 02:51:26 UTC 2025
Keepalive run at Sun Oct 12 03:00:18 UTC 2025
Keepalive run at Mon Oct 13 03:07:48 UTC 2025
Keepalive run at Tue Oct 14 02:58:48 UTC 2025
Keepalive run at Wed Oct 15 01:59:00 UTC 2025
Keepalive run at Wed Oct 15 03:02:43 UTC 2025
Keepalive run at Thu Oct 16 03:01:13 UTC 2025
Keepalive run at Fri Oct 17 02:59:27 UTC 2025
Keepalive run at Sat Oct 18 02:53:02 UTC 2025
Keepalive run at Sun Oct 19 03:13:29 UTC 2025
Keepalive run at Mon Oct 20 03:13:15 UTC 2025
Keepalive run at Tue Oct 21 03:03:36 UTC 2025
Keepalive run at Wed Oct 22 03:08:50 UTC 2025
Keepalive run at Thu Oct 23 03:01:34 UTC 2025
Keepalive run at Fri Oct 24 02:58:14 UTC 2025
Keepalive run at Sat Oct 25 02:59:49 UTC 2025
Keepalive run at Sun Oct 26 03:07:52 UTC 2025
Keepalive run at Mon Oct 27 03:17:47 UTC 2025
Keepalive run at Tue Oct 28 03:05:24 UTC 2025
Keepalive run at Wed Oct 29 03:13:31 UTC 2025
Keepalive run at Thu Oct 30 03:09:12 UTC 2025
Keepalive run at Fri Oct 31 03:08:49 UTC 2025
Keepalive run at Sat Nov  1 03:09:41 UTC 2025
Keepalive run at Sun Nov  2 03:13:23 UTC 2025
Keepalive run at Mon Nov  3 03:15:16 UTC 2025
Keepalive run at Tue Nov  4 03:08:27 UTC 2025
Keepalive run at Wed Nov  5 02:41:38 UTC 2025
Keepalive run at Wed Nov  5 03:09:38 UTC 2025
Keepalive run at Wed Nov  5 05:35:31 UTC 2025
Keepalive run at Thu Nov  6 03:12:11 UTC 2025
Keepalive run at Fri Nov  7 03:08:58 UTC 2025
Keepalive run at Sat Nov  8 03:00:11 UTC 2025
Keepalive run at Sun Nov  9 03:11:26 UTC 2025
Keepalive run at Mon Nov 10 03:17:23 UTC 2025
Keepalive run at Tue Nov 11 03:11:43 UTC 2025
Keepalive run at Wed Nov 12 03:10:20 UTC 2025
Keepalive run at Thu Nov 13 03:12:40 UTC 2025
Keepalive run at Fri Nov 14 03:11:00 UTC 2025
Keepalive run at Sat Nov 15 03:05:00 UTC 2025
Keepalive run at Sun Nov 16 03:16:10 UTC 2025
Keepalive run at Mon Nov 17 03:14:15 UTC 2025
Keepalive run at Tue Nov 18 03:10:28 UTC 2025
Keepalive run at Wed Nov 19 03:09:49 UTC 2025
Keepalive run at Wed Nov 19 03:43:05 UTC 2025
Keepalive run at Thu Nov 20 03:07:59 UTC 2025
Keepalive run at Fri Nov 21 03:08:54 UTC 2025
Keepalive run at Sat Nov 22 03:02:05 UTC 2025
Keepalive run at Sun Nov 23 03:25:19 UTC 2025
Keepalive run at Mon Nov 24 03:21:51 UTC 2025
Keepalive run at Tue Nov 25 03:12:47 UTC 2025
Keepalive run at Wed Nov 26 03:12:54 UTC 2025
Keepalive run at Thu Nov 27 01:51:32 UTC 2025
Keepalive run at Thu Nov 27 03:09:36 UTC 2025
Keepalive run at Fri Nov 28 03:09:16 UTC 2025
Keepalive run at Sat Nov 29 03:09:42 UTC 2025
Keepalive run at Sun Nov 30 03:24:44 UTC 2025
Keepalive run at Mon Dec  1 03:48:57 UTC 2025
Keepalive run at Tue Dec  2 03:16:27 UTC 2025
Keepalive run at Wed Dec  3 03:15:13 UTC 2025
Keepalive run at Thu Dec  4 03:17:16 UTC 2025
Keepalive run at Fri Dec  5 03:16:43 UTC 2025
Keepalive run at Sat Dec  6 03:07:37 UTC 2025
Keepalive run at Sun Dec  7 03:25:05 UTC 2025
Keepalive run at Mon Dec  8 03:19:38 UTC 2025
Keepalive run at Tue Dec  9 03:16:50 UTC 2025
Keepalive run at Wed Dec 10 03:20:54 UTC 2025
Keepalive run at Thu Dec 11 03:22:44 UTC 2025
Keepalive run at Fri Dec 12 03:21:53 UTC 2025
Keepalive run at Sat Dec 13 03:13:46 UTC 2025
Keepalive run at Sun Dec 14 03:26:43 UTC 2025
Keepalive run at Mon Dec 15 03:28:13 UTC 2025
Keepalive run at Tue Dec 16 03:22:20 UTC 2025
Keepalive run at Wed Dec 17 03:18:04 UTC 2025
Keepalive run at Thu Dec 18 03:18:44 UTC 2025
Keepalive run at Fri Dec 19 03:22:00 UTC 2025
Keepalive run at Sat Dec 20 03:13:34 UTC 2025
Keepalive run at Sun Dec 21 03:27:21 UTC 2025
Keepalive run at Mon Dec 22 03:40:09 UTC 2025
Keepalive run at Tue Dec 23 03:24:23 UTC 2025
Keepalive run at Wed Dec 24 03:21:57 UTC 2025
Keepalive run at Thu Dec 25 03:24:47 UTC 2025
Keepalive run at Fri Dec 26 03:22:53 UTC 2025
Keepalive run at Sat Dec 27 03:21:11 UTC 2025
Keepalive run at Sun Dec 28 03:45:22 UTC 2025
Keepalive run at Mon Dec 29 03:47:04 UTC 2025
Keepalive run at Tue Dec 30 03:25:59 UTC 2025
Keepalive run at Wed Dec 31 03:24:47 UTC 2025
Keepalive run at Thu Jan  1 03:48:12 UTC 2026
Keepalive run at Fri Jan  2 03:28:22 UTC 2026
Keepalive run at Sat Jan  3 03:20:31 UTC 2026
Keepalive run at Sun Jan  4 03:48:48 UTC 2026
Keepalive run at Mon Jan  5 03:53:14 UTC 2026
Keepalive run at Tue Jan  6 03:27:13 UTC 2026
Keepalive run at Wed Jan  7 03:27:03 UTC 2026
Keepalive run at Thu Jan  8 03:27:33 UTC 2026
Keepalive run at Fri Jan  9 03:28:03 UTC 2026
Keepalive run at Sat Jan 10 03:22:12 UTC 2026
Keepalive run at Sun Jan 11 03:48:05 UTC 2026
Keepalive run at Mon Jan 12 03:47:12 UTC 2026
Keepalive run at Tue Jan 13 03:25:58 UTC 2026
Keepalive run at Wed Jan 14 03:45:09 UTC 2026
Keepalive run at Thu Jan 15 03:28:30 UTC 2026
Keepalive run at Fri Jan 16 03:27:37 UTC 2026
Keepalive run at Sat Jan 17 03:20:37 UTC 2026
